{
  "package": {},
  "code": {
    "data.py": {
      "name": "data.py",
      "type": "python",
      "source": "data.py",
      "function": "my_python_tool",
      "is_builtin": false,
      "enable_kwargs": false,
      "tool_state": "stable",
      "toolId": "data.py"
    },
    "get_candidates.jinja2": {
      "name": "get_candidates.jinja2",
      "type": "prompt",
      "inputs": {
        "all_candidates": {
          "type": [
            "string"
          ],
          "allow_manual_entry": false,
          "is_multi_select": false,
          "input_type": "default"
        },
        "request": {
          "type": [
            "string"
          ],
          "allow_manual_entry": false,
          "is_multi_select": false,
          "input_type": "default"
        }
      },
      "source": "get_candidates.jinja2",
      "is_builtin": false,
      "enable_kwargs": false,
      "tool_state": "stable",
      "toolId": "get_candidates.jinja2"
    },
    "get_json.jinja2": {
      "name": "get_json.jinja2",
      "type": "prompt",
      "inputs": {
        "input": {
          "type": [
            "string"
          ],
          "allow_manual_entry": false,
          "is_multi_select": false,
          "input_type": "default"
        }
      },
      "source": "get_json.jinja2",
      "is_builtin": false,
      "enable_kwargs": false,
      "tool_state": "stable",
      "toolId": "get_json.jinja2"
    }
  }
}